p,ostatnia_cyfra_2^p_minus_1,najmniejszy_dzielnik_wlasciwy,pierwsze_przekroczenie_potegi_dwojki
23,7,178481,False
29,1,233,False
47,7,4513,False
49,1,127,False
53,1,6361,False
71,7,48544121,False
73,1,2298041,False
91,7,127,False
113,1,65993,False
119,7,127,False
133,1,127,False
151,7,18121,False
161,1,127,False
163,7,704161,False
169,1,8191,False
173,1,730753,False
179,7,1433,False
181,1,43441,False
203,7,127,False
211,7,15193,False
217,1,127,False
221,1,8191,False
223,7,1466449,False
229,1,1504073,False
233,1,622577,False
239,7,1913,False
241,1,22000409,False
247,7,8191,False
251,7,54217,False
259,7,127,False
269,1,13822297,False
277,1,1121297,False
281,1,80929,False
287,7,127,False
289,1,131071,False
299,7,8191,False
301,1,127,False
313,1,10960009,False
323,7,131071,False
329,1,127,False
337,1,2806537,False
343,7,127,False
353,1,931921,False
359,7,855857,False
361,1,524287,False
371,7,127,False
377,1,233,False
391,7,131071,False
397,1,6353,False
403,7,8191,False
413,1,127,False
427,7,127,False
431,7,3449,False
437,1,178481,False
463,7,11113,False
469,1,127,False
481,1,8191,False
493,1,233,False
497,1,127,False
509,1,12619129,False
511,7,127,False
527,7,131071,False
529,1,178481,False
533,1,8191,False
551,7,233,False
553,1,127,False
559,7,8191,False
569,1,15854617,False
571,7,27409,False
581,1,127,False
587,7,554129,False
589,1,524287,False
593,1,104369,False
611,7,4513,False
617,1,59233,False
623,7,127,False
629,1,131071,False
637,1,127,False
641,1,35897,False
643,7,3189281,False
667,7,233,False
679,7,127,False
689,1,6361,False
697,1,131071,False
701,1,796337,False
703,7,524287,False
707,7,127,False
713,1,178481,False
721,1,127,False
731,7,131071,False
749,1,127,False
761,1,6089,False
763,7,127,False
767,7,8191,False
773,1,6864241,False
779,7,524287,False
791,7,127,False
793,1,8191,False
799,7,4513,False
817,1,524287,False
827,7,66161,False
829,1,72953,False
833,1,127,False
839,7,26849,False
841,1,233,False
851,7,178481,False
857,1,6857,False
859,7,7215601,False
871,7,8191,False
877,1,35081,False
883,7,63577,False
889,1,127,False
893,1,4513,False
899,7,233,False
901,1,6361,False
917,1,127,False
923,7,8191,False
931,7,127,False
941,1,7529,False
943,7,178481,False
949,1,8191,False
953,1,343081,False
959,7,127,False
961,1,2147483647,False
967,7,23209,False
973,1,127,False
977,1,867577,False
989,1,178481,False
1003,7,131071,False
1007,7,6361,False
1009,1,3454817,False
1021,1,40841,False
1027,7,8191,False
1037,1,131071,False
1043,7,127,False
1049,1,33569,False
1057,1,127,False
1073,1,233,False
1079,7,8191,False
1081,1,4513,False
1087,7,10722169,False
1091,7,87281,False
1093,1,43721,False
1099,7,127,False
1117,1,53617,False
1121,1,524287,False
1127,7,127,False
1139,7,131071,False
1141,1,127,False
1147,7,2147483647,False
1153,1,267497,False
1157,1,8191,False
1159,7,524287,False
1169,1,127,False
1181,1,4742897,False
1183,7,127,False
1187,7,256393,False
1189,1,233,False
1201,1,57649,False
1207,7,131071,False
1211,7,127,False
1219,7,6361,False
1231,7,531793,False
1241,1,131071,False
1247,7,233,False
1253,1,127,False
1261,1,8191,False
1267,7,127,False
1271,7,2147483647,False
1273,1,524287,False
1303,7,10444849,False
1313,1,8191,False
1321,1,1394977,False
1333,1,2147483647,False
1337,1,127,False
1339,7,8191,False
1343,7,131071,False
1349,1,524287,False
1351,7,127,False
1357,1,178481,False
1361,1,3397057,False
1363,7,233,False
1367,7,10937,False
1379,7,127,False
1387,7,524287,False
1391,7,8191,False
1393,1,127,False
1399,7,28875361,False
1403,7,178481,False
1411,7,131071,False
1417,1,8191,False
1421,1,127,False
1439,7,46049,False
1447,7,57881,False
1451,7,174121,False
1457,1,4513,False
1459,7,93377,False
1469,1,8191,False
1477,1,127,False
1481,1,71089,False
1489,1,71473,False
1501,1,524287,False
1513,1,131071,False
1519,7,127,False
1523,7,2522089,False
1537,1,233,False
1541,1,178481,False
1547,7,127,False
1561,1,127,False
1577,1,524287,False
1583,7,189961,False
1589,1,127,False
1603,7,127,False
1609,1,2394193,False
1631,7,127,False
1633,1,178481,False
1643,7,6361,False
1649,1,131071,False
1651,7,8191,False
1663,7,6013409,False
1667,7,13337,False
1673,1,127,False
1679,7,178481,False
1687,7,127,False
1691,7,524287,False
1697,1,1235417,False
1703,7,8191,False
1711,7,233,False
1717,1,131071,False
1729,1,127,False
1739,7,4513,False
1741,1,1002817,False
1751,7,131071,False
1757,1,127,False
1769,1,233,False
1781,1,8191,False
1799,7,127,False
1801,1,28817,False
1807,7,8191,False
1813,1,127,False
1817,1,178481,False
1819,7,131071,False
1829,1,2147483647,False
1841,1,127,False
1843,7,524287,False
1853,1,131071,False
1871,7,14969,False
1877,1,15017,False
1883,7,127,False
1891,7,2147483647,False
1897,1,127,False
1909,1,178481,False
1919,7,524287,False
1921,1,65993,False
1927,7,4513,False
1937,1,8191,False
1939,7,127,False
1943,7,233,False
1957,1,524287,False
1961,1,6361,False
1963,7,8191,False
1967,7,127,False
1979,7,32392273,False
1981,1,127,False
1999,7,1807097,False
2009,1,127,False
2021,1,4513,False
2023,7,127,False
2033,1,524287,False
2041,1,8191,False
2047,7,178481,False
2051,7,127,False
2059,7,233,False
2071,7,524287,False
2077,1,2147483647,False
2093,1,127,False
2107,7,127,False
2117,1,233,False
2119,7,8191,False
2147,7,65993,False
2149,1,127,False
2159,7,131071,False
2171,7,8191,False
2173,1,6361,False
2177,1,127,False
2191,7,127,False
2197,1,8191,False
2201,1,48544121,False
2209,1,4513,False
2219,7,127,False
2227,7,131071,False
2231,7,178481,False
2249,1,8191,False
2257,1,2305843009213693951,False
2261,1,127,False
2263,7,2298041,False
2279,7,6361,False
2291,7,233,False
2303,7,127,False
2317,1,127,False
2323,7,178481,False
2327,7,1433,False
2329,1,131071,False
2353,1,8191,False
2359,7,127,False
2363,7,131071,False
2369,1,178481,False
2401,1,127,False
2407,7,233,False
2413,1,524287,False
2429,1,127,False
2443,7,127,False
2449,1,2147483647,False
2461,1,178481,False
2471,7,127,False
2483,7,8191,False
2489,1,524287,False
2491,7,4513,False
2501,1,2305843009213693951,False
2507,7,178481,False
2509,1,8191,False
2513,1,127,False
2527,7,127,False
2533,1,131071,False
2561,1,8191,False
2567,7,18121,False
2569,1,127,False
2573,1,2147483647,False
2581,1,233,False
2587,7,8191,False
2597,1,127,False
2599,7,65993,False
2603,7,524287,False
2611,7,127,False
2623,7,2305843009213693951,False
2627,7,48544121,False
2639,7,127,False
2641,1,524287,False
2653,1,127,False
2669,1,131071,False
2681,1,127,False
2701,1,2298041,False
2723,7,127,False
2737,1,127,False
2743,7,8191,False
2759,7,2147483647,False
2771,7,131071,False
2773,1,4513,False
2779,7,127,False
2807,7,127,False
2809,1,6361,False
2813,1,233,False
2821,1,127,False
2831,7,524287,False
2839,7,131071,False
2863,7,127,False
2867,7,4513,False
2869,1,18121,False
2873,1,8191,False
2891,7,127,False
2899,7,8191,False
2911,7,48544121,False
2921,1,178481,False
2929,1,233,False
2933,1,127,False
2941,1,131071,False
2947,7,127,False
2951,7,8191,False
2977,1,8191,False
2983,7,524287,False
2987,7,233,False
2989,1,127,False
2993,1,2298041,False
3007,7,2147483647,False
3013,1,178481,False
3017,1,127,False
3029,1,8191,False
3031,7,127,False
3043,7,1433,False
3053,1,48544121,False
3059,7,127,False
3073,1,127,False
3077,1,43441,False
3097,1,524287,False
3101,1,127,False
3103,7,233,False
3107,7,1913,False
3127,7,6361,False
3131,7,2147483647,False
3133,1,8191,False
3139,7,2298041,False
3143,7,127,False
3149,1,4513,False
3151,7,178481,False
3161,1,233,False
3173,1,524287,False
3193,1,2147483647,False
3197,1,178481,False
3199,7,127,False
3211,7,8191,False
3227,7,127,False
3233,1,6361,False
3241,1,127,False
3247,7,131071,False
3263,7,8191,False
3269,1,127,False
3277,1,233,False
3281,1,131071,False
3283,7,127,False
3287,7,524287,False
3293,1,618970019642690137449562111,False
3317,1,2147483647,False
3337,1,4513,False
3341,1,8191,False
3349,1,131071,False
3353,1,127,False
3367,7,127,False
3379,7,2147483647,False
3383,7,131071,False
3401,1,1433,False
3409,1,127,False
3419,7,8191,False
3427,7,178481,False
3431,7,4513,False
3437,1,127,False
3439,7,43441,False
3451,7,127,False
3473,1,18121,False
3479,7,127,False
3493,1,127,False
3497,1,8191,False
3503,7,65993,False
3521,1,127,False
3523,7,8191,False
3551,7,6361,False
3563,7,127,False
3577,1,127,False
3587,7,15193,False
3599,7,2305843009213693951,False
3601,1,8191,False
3611,7,178481,False
3629,1,524287,False
3647,7,127,False
3649,1,618970019642690137449562111,False
3653,1,8191,False
3661,1,127,False
3667,7,524287,False
3679,7,8191,False
3683,7,233,False
3689,1,127,False
3703,7,127,False
3713,1,4513,False
3721,1,2305843009213693951,False
3731,7,127,False
3743,7,524287,False
3749,1,178481,False
3757,1,8191,False
3763,7,6361,False
3781,1,524287,False
3787,7,127,False
3791,7,131071,False
3799,7,233,False
3809,1,8191,False
3827,7,618970019642690137449562111,False
3829,1,127,False
3841,1,178481,False
3857,1,127,False
3859,7,131071,False
3869,1,6361,False
3871,7,127,False
3887,7,8191,False
3893,1,131071,False
3899,7,127,False
3901,1,4513,False
3913,1,127,False
3937,1,2147483647,False
3941,1,127,False
3959,7,162259276829213363391578010288127,False
3961,1,131071,False
3973,1,233,False
3979,7,178481,False
3983,7,127,False
3991,7,8191,False
3997,1,127,False
4009,1,15193,False
4031,7,233,False
4039,7,127,False
4043,7,8191,False
4061,1,2147483647,False
4063,7,1913,False
4067,7,127,False
4069,1,8191,False
4087,7,2305843009213693951,False
4097,1,131071,False
4109,1,127,False
4117,1,1433,False
4121,1,8191,False
4123,7,127,False
4151,7,127,False
4163,7,43441,False
4181,1,65993,False
4183,7,4513,False
4187,7,6361,False
4189,1,48544121,False
4193,1,127,False
4199,7,8191,False
4207,7,127,False
4237,1,524287,False
4247,7,2147483647,False
4249,1,127,False
4267,7,54217,False
4277,1,127,False
4291,7,127,False
4303,7,8191,False
4307,7,2298041,False
4309,1,2147483647,False
4313,1,524287,False
4319,7,127,False
4321,1,233,False
4331,7,48544121,False
4333,1,127,False
4351,7,524287,False
4361,1,127,False
4369,1,131071,False
4379,7,233,False
4381,1,8191,False
4387,7,162259276829213363391578010288127,False
4393,1,178481,False
4399,7,6361,False
4403,7,127,False
4417,1,127,False
4427,7,524287,False
4439,7,178481,False
4453,1,2298041,False
4459,7,127,False
4471,7,131071,False
4487,7,127,False
4501,1,127,False
4511,7,8191,False
4529,1,127,False
4531,7,178481,False
4537,1,8191,False
4541,1,1913,False
4553,1,233,False
4559,7,4513,False
4571,7,127,False
4573,1,131071,False
4577,1,178481,False
4579,7,524287,False
4589,1,8191,False
4601,1,162259276829213363391578010288127,False
4607,7,131071,False
4613,1,127,False
4619,7,2147483647,False
4627,7,127,False
4633,1,65993,False
4667,7,8191,False
4669,1,127,False
4681,1,18121,False
4693,1,8191,False
4699,7,170141183460469231731687303715884105727,False
4709,1,131071,False
4711,7,127,False
4717,1,6361,False
4727,7,233,False
4739,7,127,False
4747,7,4513,False
4753,1,127,False
4757,1,48544121,False
4769,1,54217,False
4771,7,8191,False
4777,1,80929,False
4781,1,127,False
4811,7,131071,False
4819,7,2305843009213693951,False
4823,7,127,False
4837,1,127,False
4841,1,4513,False
4843,7,233,False
4849,1,8191,False
4853,1,15193,False
4859,7,65993,False
4867,7,2147483647,False
4879,7,127,False
4883,7,524287,False
4891,7,2298041,False
4901,1,233,False
4907,7,127,False
4913,1,131071,False
4921,1,127,False
4927,7,8191,False
4949,1,127,False
4963,7,127,False
4979,7,8191,False
4981,1,131071,False
4991,7,127,False
4997,1,524287,False
5017,1,233,False
5029,1,4513,False
5033,1,127,False
5041,1,48544121,False
5047,7,127,False
5053,1,704161,False
5057,1,8191,False
5063,7,2305843009213693951,False
5083,7,8191,False
5089,1,127,False
5111,7,524287,False
5117,1,127,False
5123,7,4513,False
5129,1,178481,False
5131,7,127,False
5141,1,6361,False
5149,1,524287,False
5161,1,6353,False
5173,1,127,False
5177,1,2147483647,False
5183,7,2298041,False
5191,7,233,False
5201,1,127,False
5207,7,170141183460469231731687303715884105727,False
5213,1,8191,False
5219,7,131071,False
5221,1,178481,False
5239,7,8191,False
5243,7,127,False
5249,1,233,False
5251,7,618970019642690137449562111,False
5257,1,127,False
5263,7,524287,False
5267,7,178481,False
5287,7,131071,False
5299,7,127,False
5311,7,4513,False
5317,1,8191,False
5321,1,131071,False
5327,7,127,False
5329,1,2298041,False
5339,7,80929,False
5341,1,127,False
5353,1,6361,False
5359,7,178481,False
5363,7,730753,False
5369,1,127,False
5377,1,524287,False
5383,7,127,False
5389,1,131071,False
5411,7,127,False
5429,1,2305843009213693951,False
5447,7,8191,False
5453,1,127,False
5459,7,6361,False
5461,1,170141183460469231731687303715884105727,False
5473,1,8191,False
5491,7,131071,False
5497,1,1913,False
5509,1,127,False
5537,1,127,False
5539,7,233,False
5543,7,178481,False
5549,1,1433,False
5551,7,127,False
5567,7,524287,False
5579,7,127,False
5587,7,18121,False
5593,1,127,False
5597,1,233,False
5603,7,3449,False
5609,1,48544121,False
5611,7,43441,False
5627,7,131071,False
5629,1,8191,False
5663,7,127,False
5671,7,6361,False
5677,1,127,False
5681,1,8191,False
5707,7,8191,False
5713,1,233,False
5719,7,127,False
5729,1,131071,False
5747,7,127,False
5759,7,8191,False
5761,1,127,False
5767,7,2298041,False
5771,7,233,False
5773,1,54217,False
5777,1,6361,False
5789,1,127,False
5803,7,127,False
5831,7,127,False
5833,1,524287,False
5837,1,8191,False
5873,1,127,False
5887,7,127,False
5893,1,48544121,False
5899,7,131071,False
5909,1,524287,False
5911,7,178481,False
5917,1,2305843009213693951,False
5921,1,2147483647,False
5933,1,131071,False
5941,1,8191,False
5947,7,524287,False
5957,1,127,False
5963,7,618970019642690137449562111,False
5969,1,4513,False
5971,7,127,False
5983,7,2147483647,False
5989,1,6361,False
5993,1,8191,False
5999,7,127,False
6001,1,131071,False
6013,1,127,False
6019,7,8191,False
6023,7,524287,False
6031,7,704161,False
6041,1,127,False
6049,1,178481,False
6059,7,2298041,False
6071,7,8191,False
6097,1,127,False
6103,7,131071,False
6107,7,2147483647,False
6119,7,233,False
6137,1,131071,False
6139,7,127,False
6157,1,4513,False
6161,1,2305843009213693951,False
6167,7,127,False
6169,1,2147483647,False
6181,1,127,False
6187,7,178481,False
6191,7,18121,False
6209,1,127,False
6223,7,127,False
6227,7,8191,False
6233,1,178481,False
6239,7,131071,False
6251,7,127,False
6253,1,8191,False
6283,7,2305843009213693951,False
6289,1,524287,False
6293,1,127,False
6307,7,127,False
6313,1,162259276829213363391578010288127,False
6319,7,48544121,False
6331,7,8191,False
6341,1,131071,False
6349,1,127,False
6371,7,178481,False
6377,1,127,False
6383,7,8191,False
6401,1,730753,False
6403,7,524287,False
6409,1,233,False
6419,7,127,False
6433,1,127,False
6439,7,4513,False
6443,7,131071,False
6461,1,127,False
6463,7,80929,False
6467,7,233,False
6487,7,8191,False
6493,1,18121,False
6497,1,2298041,False
6503,7,127,False
6509,1,178481,False
6511,7,131071,False
6517,1,127,False
6527,7,2305843009213693951,False
6533,1,4513,False
6539,7,8191,False
6541,1,15193,False
6559,7,127,False
6583,7,233,False
6587,7,127,False
6593,1,524287,False
6601,1,127,False
6613,1,131071,False
6617,1,8191,False
6623,7,1433,False
6629,1,127,False
6631,7,524287,False
6641,1,233,False
6643,7,127,False
6647,7,131071,False
6649,1,2305843009213693951,False
6667,7,65993,False
6671,7,127,False
6683,7,704161,False
6697,1,43441,False
6707,7,524287,False
6713,1,127,False
6727,7,127,False
6731,7,6361,False
6739,7,178481,False
6749,1,6353,False
6757,1,233,False
6769,1,127,False
6773,1,8191,False
6797,1,127,False
6799,7,8191,False
6811,7,127,False
6817,1,131071,False
6821,1,524287,False
6839,7,127,False
6851,7,8191,False
6859,7,524287,False
6877,1,8191,False
6881,1,127,False
6887,7,48544121,False
6893,1,65993,False
6913,1,1466449,False
6923,7,127,False
6929,1,8191,False
6931,7,233,False
6937,1,127,False
6943,7,6361,False
6953,1,131071,False
6973,1,524287,False
6979,7,127,False
6989,1,233,False
7003,7,4513,False
7009,1,704161,False
7021,1,127,False
7031,7,618970019642690137449562111,False
7033,1,8191,False
7037,1,2147483647,False
7049,1,127,False
7061,1,178481,False
7063,7,127,False
7081,1,2298041,False
7087,7,524287,False
7091,7,127,False
7093,1,730753,False
7097,1,4513,False
7099,7,1504073,False
7111,7,8191,False
7123,7,131071,False
7133,1,127,False
7147,7,127,False
7153,1,178481,False
7157,1,131071,False
7163,7,233,False
7169,1,162259276829213363391578010288127,False
7171,7,48544121,False
7189,1,127,False
7199,7,178481,False
7201,1,524287,False
7217,1,127,False
7223,7,622577,False
7231,7,127,False
7241,1,8191,False
7259,7,127,False
7261,1,6361,False
7267,7,8191,False
7273,1,127,False
7277,1,524287,False
7279,7,233,False
7291,7,178481,False
7301,1,127,False
7313,1,48544121,False
7319,7,8191,False
7327,7,3449,False
7339,7,1433,False
7343,7,127,False
7357,1,127,False
7361,1,131071,False
7367,7,6361,False
7373,1,2298041,False
7379,7,4513,False
7387,7,618970019642690137449562111,False
7391,7,524287,False
7397,1,8191,False
7399,7,127,False
7409,1,1913,False
7421,1,43441,False
7423,7,8191,False
7427,7,127,False
7429,1,131071,False
7439,7,730753,False
7441,1,127,False
7453,1,233,False
7463,7,131071,False
7471,7,22000409,False
7483,7,127,False
7493,1,170141183460469231731687303715884105727,False
7501,1,8191,False
7511,7,127,False
7519,7,2298041,False
7531,7,131071,False
7543,7,6353,False
7553,1,127,False
7567,7,127,False
7571,7,65993,False
7597,1,48544121,False
7609,1,127,False
7613,1,178481,False
7619,7,524287,False
7627,7,233,False
7631,7,8191,False
7633,1,131071,False
7637,1,127,False
7651,7,127,False
7657,1,8191,False
7661,1,4513,False
7679,7,127,False
7693,1,127,False
7697,1,1433,False
7709,1,8191,False
7721,1,127,False
7739,7,48544121,False
7747,7,2305843009213693951,False
7751,7,178481,False
7763,7,127,False
7769,1,131071,False
7771,7,524287,False
7781,1,54217,False
7783,7,43441,False
7787,7,8191,False
7801,1,233,False
7807,7,15193,False
7811,7,2298041,False
7813,1,8191,False
7819,7,127,False
7837,1,131071,False
7847,7,127,False
7849,1,4513,False
7859,7,233,False
7861,1,127,False
7871,7,11113,False
7889,1,127,False
7891,7,8191,False
7897,1,6361,False
7903,7,127,False
7921,1,618970019642690137449562111,False
7939,7,131071,False
7943,7,4513,False
7957,1,2298041,False
7961,1,524287,False
7967,7,2147483647,False
7969,1,8191,False
7973,1,127,False
7981,1,178481,False
7987,7,127,False
7991,7,2305843009213693951,False
7999,7,524287,False
8003,7,6361,False
8021,1,8191,False
8023,7,65993,False
8027,7,178481,False
8029,1,127,False
8033,1,233,False
8047,7,8191,False
8057,1,127,False
8071,7,127,False
8099,7,127,False
8113,1,127,False
8119,7,178481,False
8131,7,4513,False
8141,1,127,False
8143,7,131071,False
8149,1,233,False
8153,1,2147483647,False
8177,1,8191,False
8183,7,127,False
8189,1,3449,False
8197,1,127,False
8203,7,8191,False
8207,7,233,False
8227,7,524287,False
8249,1,65993,False
8251,7,1466449,False
8257,1,178481,False
8267,7,127,False
8279,7,131071,False
8281,1,127,False
8303,7,178481,False
8309,1,127,False
8321,1,6361,False
8323,7,127,False
8333,1,8191,False
8339,7,13822297,False
8341,1,524287,False
8347,7,131071,False
8351,7,127,False
8357,1,2305843009213693951,False
8359,7,8191,False
8381,1,233,False
8401,1,2147483647,False
8407,7,127,False
8411,7,8191,False
8413,1,1433,False
8417,1,524287,False
8441,1,178481,False
8449,1,127,False
8453,1,162259276829213363391578010288127,False
8473,1,1504073,False
8477,1,127,False
8479,7,2305843009213693951,False
8483,7,131071,False
8489,1,8191,False
8491,7,127,False
8497,1,233,False
8507,7,4513,False
8509,1,170141183460469231731687303715884105727,False
8519,7,127,False
8531,7,524287,False
8533,1,127,False
8551,7,131071,False
8561,1,127,False
8567,7,8191,False
8579,7,178481,False
8587,7,1121297,False
8593,1,8191,False
8603,7,127,False
8617,1,127,False
8621,1,622577,False
8633,1,618970019642690137449562111,False
8639,7,6361,False
8651,7,15193,False
8653,1,131071,False
8659,7,127,False
8671,7,233,False
8683,7,524287,False
8687,7,127,False
8711,7,80929,False
8717,1,178481,False
8729,1,127,False
8743,7,127,False
8749,1,8191,False
8759,7,524287,False
8771,7,127,False
8773,1,2147483647,False
8797,1,11113,False
8801,1,8191,False
8809,1,178481,False
8813,1,127,False
8827,7,127,False
8843,7,1913,False
8851,7,6361,False
8857,1,131071,False
8869,1,127,False
8873,1,524287,False
8879,7,8191,False
8881,1,162259276829213363391578010288127,False
8891,7,131071,False
8897,1,127,False
8903,7,233,False
8909,1,18121,False
8911,7,127,False
8917,1,22000409,False
8927,7,65993,False
8939,7,127,False
8947,7,178481,False
8953,1,127,False
8957,1,6361,False
8959,7,131071,False
8977,1,4513,False
8981,1,127,False
8983,7,8191,False
8989,1,618970019642690137449562111,False
8993,1,131071,False
9017,1,48544121,False
9019,7,233,False
9023,7,127,False
9037,1,127,False
9061,1,8191,False
9071,7,4513,False
9073,1,15193,False
9077,1,233,False
9079,7,127,False
9083,7,2147483647,False
9089,1,2305843009213693951,False
9101,1,524287,False
9107,7,127,False
9113,1,8191,False
9121,1,127,False
9131,7,6353,False
9139,7,8191,False
9143,7,1466449,False
9149,1,127,False
9167,7,618970019642690137449562111,False
9169,1,6361,False
9191,7,127,False
9193,1,233,False
9197,1,131071,False
9211,7,18121,False
9217,1,8191,False
9223,7,178481,False
9233,1,127,False
9247,7,127,False
9253,1,524287,False
9259,7,4513,False
9269,1,8191,False
9271,7,2298041,False
9287,7,54217,False
9289,1,127,False
9299,7,131071,False
9301,1,48544121,False
9329,1,524287,False
9331,7,127,False
9347,7,8191,False
9353,1,4513,False
9359,7,127,False
9367,7,233,False
9373,1,127,False
9379,7,65993,False
9389,1,1504073,False
9401,1,127,False
9407,7,178481,False
9443,7,127,False
9451,7,8191,False
9457,1,127,False
9469,1,131071,False
9481,1,524287,False
9487,7,1433,False
9499,7,127,False
9503,7,8191,False
9517,1,2147483647,False
9523,7,618970019642690137449562111,False
9527,7,127,False
9529,1,8191,False
9541,1,127,False
9553,1,622577,False
9557,1,524287,False
9563,7,2298041,False
9569,1,127,False
9571,7,131071,False
9577,1,2305843009213693951,False
9583,7,127,False
9589,1,1466449,False
9593,1,6361,False
9599,7,233,False
9607,7,8191,False
9611,7,127,False
9617,1,704161,False
9637,1,178481,False
9641,1,2147483647,False
9653,1,127,False
9659,7,8191,False
9667,7,127,False
9671,7,524287,False
9673,1,131071,False
9683,7,178481,False
9701,1,618970019642690137449562111,False
9703,7,10960009,False
9707,7,27409,False
9709,1,127,False
9727,7,48544121,False
9737,1,127,False
9751,7,127,False
9763,7,8191,False
9773,1,233,False
9793,1,127,False
9799,7,1913,False
9809,1,131071,False
9821,1,127,False
9827,7,2147483647,False
9841,1,8191,False
9847,7,1504073,False
9863,7,127,False
9869,1,48544121,False
9877,1,127,False
9881,1,22000409,False
9893,1,6089,False
9899,7,524287,False
9913,1,3449,False
9917,1,4513,False
9919,7,127,False
9937,1,524287,False
9943,7,704161,False
9947,7,127,False
9953,1,13822297,False
9959,7,178481,False
9961,1,127,False
9971,7,8191,False
9979,7,131071,False
9989,1,127,False
9997,1,8191,False
10001,1,2298041,False
10003,7,127,False
10013,1,131071,False
10019,7,622577,False
10031,7,127,False
10033,1,170141183460469231731687303715884105727,False
10049,1,8191,False
10051,7,178481,False
10057,1,65993,False
10063,7,233,False
10073,1,127,False
10081,1,104369,False
10097,1,178481,False
10117,1,18121,False
10121,1,233,False
10123,7,6361,False
10127,7,8191,False
10129,1,127,False
10147,7,2298041,False
10157,1,127,False
10171,7,127,False
10183,7,131071,False
10187,7,2305843009213693951,False
10189,1,178481,False
10199,7,127,False
10207,7,730753,False
10213,1,127,False
10217,1,131071,False
10229,1,6361,False
10231,7,8191,False
10237,1,233,False
10249,1,1121297,False
10261,1,2147483647,False
10277,1,1913,False
10279,7,524287,False
10283,7,127,False
10291,7,54217,False
10297,1,127,False
10309,1,8191,False
10319,7,131071,False
10327,7,178481,False
10339,7,127,False
10361,1,8191,False
10363,7,22000409,False
10367,7,127,False
10379,7,162259276829213363391578010288127,False
10381,1,127,False
10387,7,4513,False
10393,1,524287,False
10397,1,80929,False
10409,1,127,False
10411,7,233,False
10421,1,131071,False
10423,7,127,False
10441,1,6361,False
10447,7,2806537,False
10451,7,127,False
10469,1,233,False
10481,1,4513,False
10489,1,59233,False
10493,1,127,False
10507,7,127,False
10511,7,178481,False
10517,1,8191,False
10523,7,131071,False
10541,1,170141183460469231731687303715884105727,False
10543,7,8191,False
10547,7,6361,False
10553,1,730753,False
10561,1,1433,False
10577,1,127,False
10579,7,48544121,False
10583,7,524287,False
10591,7,127,False
10603,7,178481,False
10619,7,127,False
10621,1,8191,False
10633,1,127,False
10643,7,233,False
10649,1,11113,False
10661,1,127,False
10669,1,4513,False
10673,1,8191,False
10679,7,43441,False
10693,1,131071,False
10697,1,524287,False
10699,7,8191,False
10717,1,127,False
10721,1,18121,False
10727,7,131071,False
10741,1,178481,False
10751,7,8191,False
10757,1,2147483647,False
10759,7,127,False
10763,7,4513,False
10777,1,8191,False
10787,7,127,False
10793,1,54217,False
10801,1,127,False
10807,7,162259276829213363391578010288127,False
10811,7,524287,False
10817,1,233,False
10819,7,2147483647,False
10829,1,127,False
10843,7,127,False
10849,1,27409,False
10871,7,127,False
10877,1,2298041,False
10897,1,35897,False
10907,7,8191,False
10913,1,127,False
10919,7,1433,False
10921,1,704161,False
10927,7,127,False
10931,7,131071,False
10933,1,233,False
10943,7,931921,False
10951,7,4513,False
10961,1,65993,False
10963,7,524287,False
10969,1,127,False
10991,7,233,False
10997,1,127,False
10999,7,131071,False
11017,1,178481,False
11021,1,162259276829213363391578010288127,False
11023,7,18121,False
11029,1,13822297,False
11039,7,127,False
11041,1,43441,False
11053,1,127,False
11063,7,8191,False
11081,1,127,False
11089,1,8191,False
11101,1,131071,False
11107,7,233,False
11123,7,127,False
11129,1,855857,False
11137,1,127,False
11141,1,6857,False
11147,7,48544121,False
11153,1,524287,False
11167,7,8191,False
11179,7,127,False
11183,7,6361,False
11191,7,524287,False
11201,1,178481,False
11203,7,131071,False
11207,7,127,False
11219,7,8191,False
11221,1,127,False
11233,1,1913,False
11237,1,131071,False
11249,1,127,False
11263,7,127,False
11267,7,104369,False
11281,1,233,False
11291,7,127,False
11293,1,178481,False
11303,7,618970019642690137449562111,False
11323,7,8191,False
11327,7,4513,False
11333,1,127,False
11339,7,233,False
11347,7,127,False
11357,1,1121297,False
11377,1,2147483647,False
11381,1,524287,False
11389,1,127,False
11401,1,8191,False
11413,1,65993,False
11417,1,127,False
11419,7,524287,False
11431,7,127,False
11441,1,131071,False
11449,1,162259276829213363391578010288127,False
11453,1,8191,False
11459,7,127,False
11461,1,2298041,False
11477,1,178481,False
11479,7,8191,False
11501,1,127,False
11509,1,131071,False
11513,1,233,False
11521,1,80929,False
11531,7,8191,False
11533,1,524287,False
11543,7,127,False
11557,1,127,False
11563,7,2147483647,False
11567,7,13822297,False
11569,1,178481,False
11573,1,704161,False
11581,1,10960009,False
11591,7,730753,False
11599,7,127,False
11609,1,4513,False
11611,7,131071,False
11629,1,233,False
11639,7,65993,False
11641,1,127,False
11647,7,524287,False
11651,7,2305843009213693951,False
11659,7,618970019642690137449562111,False
11663,7,162259276829213363391578010288127,False
11669,1,127,False
11683,7,127,False
11687,7,233,False
11707,7,178481,False
11711,7,127,False
11713,1,6361,False
11723,7,59233,False
11747,7,131071,False
11749,1,2147483647,False
11753,1,127,False
11761,1,524287,False
11767,7,127,False
11773,1,2305843009213693951,False
11791,7,8191,False
11797,1,4513,False
11809,1,127,False
11819,7,6361,False
11837,1,127,False
11843,7,8191,False
11849,1,131071,False
11851,7,127,False
11857,1,48544121,False
11861,1,233,False
11873,1,2147483647,False
11879,7,127,False
11893,1,127,False
11899,7,704161,False
11911,7,1121297,False
11917,1,131071,False
11921,1,127,False
11929,1,18121,False
11947,7,8191,False
11951,7,131071,False
11963,7,127,False
11977,1,127,False
11983,7,178481,False
11989,1,524287,False
11993,1,1433,False
11999,7,8191,False
12017,1,2305843009213693951,False
12019,7,127,False
12029,1,178481,False
12031,7,6361,False
12047,7,127,False
12053,1,131071,False
12059,7,2147483647,False
12061,1,127,False
12077,1,8191,False
12079,7,4513,False
12083,7,80929,False
12091,7,65993,False
12103,7,127,False
12121,1,131071,False
12127,7,43441,False
12131,7,127,False
12137,1,6361,False
12139,7,2305843009213693951,False
12151,7,233,False
12167,7,178481,False
12173,1,127,False
12179,7,35897,False
12181,1,8191,False
12187,7,127,False
12191,7,2298041,False
12193,1,618970019642690137449562111,False
12209,1,233,False
12217,1,524287,False
12223,7,131071,False
12229,1,127,False
12233,1,7529,False
12257,1,127,False
12259,7,8191,False
12271,7,127,False
12283,7,730753,False
12293,1,524287,False
12299,7,127,False
12307,7,6353,False
12311,7,8191,False
12313,1,127,False
12317,1,65993,False
12319,7,170141183460469231731687303715884105727,False
12337,1,8191,False
12341,1,127,False
12349,1,6361,False
12359,7,131071,False
12361,1,4513,False
12371,7,618970019642690137449562111,False
12383,7,127,False
12389,1,8191,False
12407,7,524287,False
12427,7,131071,False
12431,7,2147483647,False
12439,7,127,False
12443,7,178481,False
12449,1,15193,False
12461,1,131071,False
12467,7,127,False
12469,1,2806537,False
12481,1,127,False
12493,1,8191,False
12499,7,233,False
12509,1,127,False
12521,1,524287,False
12523,7,127,False
12533,1,18121,False
12557,1,233,False
12559,7,524287,False
12563,7,131071,False
12571,7,8191,False
12581,1,178481,False
12593,1,127,False
12607,7,127,False
12623,7,8191,False
12629,1,730753,False
12631,7,131071,False
12643,7,4513,False
12649,1,127,False
12667,7,1913,False
12673,1,233,False
12677,1,127,False
12679,7,2147483647,False
12691,7,127,False
12701,1,8191,False
12709,1,1433,False
12719,7,127,False
12731,7,233,False
12733,1,127,False
12737,1,4513,False
12761,1,127,False
12767,7,131071,False
12769,1,65993,False
12773,1,6361,False
12779,7,8191,False
12787,7,524287,False
12803,7,127,False
12811,7,178481,False
12817,1,127,False
12827,7,170141183460469231731687303715884105727,False
12833,1,10960009,False
12847,7,233,False
12851,7,43441,False
12857,1,8191,False
12863,7,524287,False
12869,1,131071,False
12871,7,15193,False
12877,1,704161,False
12883,7,8191,False
12887,7,127,False
12901,1,127,False
12929,1,127,False
12937,1,6089,False
12943,7,127,False
12949,1,178481,False
12961,1,8191,False
12971,7,127,False
12977,1,524287,False
12989,1,2147483647,False
13019,7,4513,False
13021,1,233,False
13027,7,127,False
13039,7,8191,False
13051,7,2147483647,False
13061,1,931921,False
13067,7,1433,False
13069,1,127,False
13073,1,131071,False
13081,1,170141183460469231731687303715884105727,False
13087,7,178481,False
13091,7,6361,False
13097,1,127,False
13111,7,127,False
13117,1,8191,False
13129,1,524287,False
13133,1,27409,False
13139,7,127,False
13141,1,131071,False
13153,1,127,False
13157,1,1466449,False
13169,1,8191,False
13181,1,127,False
13207,7,4513,False
13213,1,43441,False
13223,7,127,False
13237,1,127,False
13243,7,131071,False
13247,7,8191,False
13253,1,233,False
13261,1,618970019642690137449562111,False
13271,7,178481,False
13273,1,8191,False
13279,7,127,False
13283,7,855857,False
13301,1,4513,False
13303,7,6361,False
13307,7,127,False
13319,7,524287,False
13349,1,127,False
13351,7,8191,False
13357,1,524287,False
13361,1,3449,False
13363,7,127,False
13369,1,233,False
13379,7,131071,False
13391,7,127,False
13403,7,8191,False
13423,7,2147483647,False
13427,7,233,False
13429,1,8191,False
13433,1,127,False
13439,7,18121,False
13447,7,127,False
13459,7,10960009,False
13471,7,524287,False
13481,1,8191,False
13489,1,127,False
13501,1,178481,False
13507,7,8191,False
13511,7,1504073,False
13517,1,127,False
13529,1,704161,False
13531,7,127,False
13543,7,233,False
13547,7,178481,False
13549,1,131071,False
13559,7,127,False
13561,1,48544121,False
13573,1,127,False
13583,7,4513,False
13589,1,162259276829213363391578010288127,False
13601,1,127,False
13603,7,1466449,False
13609,1,2147483647,False
13621,1,6361,False
13637,1,8191,False
13639,7,104369,False
13643,7,127,False
13657,1,127,False
13661,1,524287,False
13663,7,8191,False
13667,7,730753,False
13699,7,127,False
13703,7,48544121,False
13727,7,127,False
13733,1,2147483647,False
13741,1,127,False
13747,7,622577,False
13753,1,131071,False
13769,1,127,False
13771,7,4513,False
13777,1,178481,False
13787,7,131071,False
13793,1,8191,False
13811,7,127,False
13813,1,524287,False
13817,1,2806537,False
13819,7,8191,False
13823,7,178481,False
13843,7,170141183460469231731687303715884105727,False
13847,7,2305843009213693951,False
13853,1,127,False
13867,7,127,False
13889,1,131071,False
13891,7,233,False
13897,1,8191,False
13909,1,127,False
13919,7,2147483647,False
13927,7,524287,False
13939,7,6361,False
13943,7,2298041,False
13949,1,233,False
13951,7,127,False
13957,1,131071,False
13961,1,178481,False
13969,1,1504073,False
13973,1,618970019642690137449562111,False
13979,7,127,False
13987,7,48544121,False
13991,7,131071,False
13993,1,127,False
14017,1,162259276829213363391578010288127,False
14021,1,127,False
14027,7,8191,False
14041,1,524287,False
14053,1,4513,False
14059,7,66161,False
14063,7,127,False
14077,1,127,False
14089,1,2298041,False
14093,1,72953,False
14099,7,178481,False
14101,1,1913,False
14117,1,524287,False
14119,7,127,False
14123,7,233,False
14129,1,48544121,False
14131,7,8191,False
14137,1,15193,False
14141,1,1433,False
14147,7,127,False
14161,1,127,False
14167,7,2147483647,False
14183,7,8191,False
14189,1,127,False
14191,7,59233,False
14203,7,127,False
14209,1,8191,False
14213,1,622577,False
14219,7,22000409,False
14231,7,127,False
14237,1,178481,False
14239,7,233,False
14257,1,6361,False
14261,1,8191,False
14263,7,26849,False
14269,1,524287,False
14273,1,127,False
14287,7,127,False
14291,7,2147483647,False
14297,1,233,False
14299,7,43441,False
14329,1,127,False
14339,7,8191,False
14351,7,65993,False
14353,1,11113,False
14357,1,127,False
14359,7,730753,False
14363,7,6361,False
14371,7,127,False
14381,1,2298041,False
14383,7,524287,False
14413,1,127,False
14417,1,8191,False
14429,1,4513,False
14441,1,127,False
14459,7,6089,False
14467,7,131071,False
14471,7,233,False
14473,1,931921,False
14477,1,2147483647,False
14483,7,127,False
14491,7,2806537,False
14497,1,127,False
14501,1,131071,False
14507,7,704161,False
14513,1,178481,False
14521,1,8191,False
14527,7,2298041,False
14539,7,127,False
14567,7,127,False
14569,1,6857,False
14573,1,8191,False
14579,7,1913,False
14581,1,127,False
14587,7,233,False
14599,7,8191,False
14603,7,131071,False
14609,1,127,False
14611,7,524287,False
14617,1,4513,False
14623,7,127,False
14647,7,18121,False
14651,7,127,False
14659,7,162259276829213363391578010288127,False
14671,7,131071,False
14677,1,8191,False
14681,1,6361,False
14687,7,524287,False
14689,1,6353,False
14693,1,127,False
14701,1,22000409,False
14711,7,4513,False
14719,7,855857,False
14743,7,35897,False
14749,1,127,False
14761,1,233,False
14777,1,127,False
14789,1,178481,False
14791,7,127,False
14801,1,524287,False
14803,7,65993,False
14807,7,8191,False
14809,1,54217,False
14819,7,127,False
14833,1,127,False
14849,1,2147483647,False
14857,1,1433,False
14863,7,618970019642690137449562111,False
14873,1,162259276829213363391578010288127,False
14881,1,178481,False
14893,1,6361,False
14899,7,4513,False
14903,7,127,False
14909,1,35081,False
14911,7,8191,False
14917,1,127,False
14941,1,1466449,False
14953,1,524287,False
14959,7,127,False
14963,7,8191,False
14977,1,131071,False
14981,1,15193,False
14987,7,127,False
14989,1,8191,False
14999,7,6361,False
15001,1,127,False
15011,7,63577,False
15019,7,178481,False
15023,7,43441,False
15029,1,127,False
15041,1,8191,False
15043,7,127,False
15067,7,8191,False
15071,7,127,False
15079,7,131071,False
15097,1,2147483647,False
15109,1,233,False
15113,1,127,False
15119,7,8191,False
15127,7,127,False
15143,7,524287,False
15157,1,178481,False
15167,7,233,False
15179,7,931921,False
15181,1,4513,False
15197,1,127,False
15203,7,178481,False
15211,7,127,False
15221,1,2147483647,False
15223,7,8191,False
15239,7,127,False
15251,7,18121,False
15253,1,127,False
15281,1,127,False
15283,7,233,False
15311,7,54217,False
15317,1,6361,False
15337,1,127,False
15341,1,233,False
15343,7,1504073,False
15353,1,8191,False
15371,7,524287,False
15379,7,127,False
15397,1,730753,False
15403,7,15193,False
15407,7,127,False
15409,1,524287,False
15419,7,131071,False
15421,1,127,False
15431,7,8191,False
15437,1,855857,False
15449,1,127,False
15457,1,233,False
15463,7,127,False
15469,1,2147483647,False
15479,7,178481,False
15481,1,65993,False
15487,7,131071,False
15491,7,127,False
15509,1,8191,False
15523,7,524287,False
15529,1,6361,False
15533,1,127,False
15547,7,127,False
15553,1,18121,False
15557,1,4513,False
15571,7,178481,False
15589,1,127,False
15593,1,2147483647,False
15599,7,524287,False
15611,7,622577,False
15613,1,8191,False
15617,1,127,False
15623,7,131071,False
15637,1,524287,False
15659,7,127,False
15673,1,127,False
15677,1,2305843009213693951,False
15689,1,233,False
15691,7,8191,False
15701,1,127,False
15707,7,65993,False
15709,1,178481,False
15713,1,66161,False
15743,7,127,False
15751,7,72953,False
15757,1,127,False
15769,1,8191,False
15779,7,12619129,False
15793,1,131071,False
15799,7,127,False
15811,7,704161,False
15821,1,8191,False
15827,7,127,False
15833,1,1466449,False
15839,7,4513,False
15841,1,127,False
15847,7,6361,False
15863,7,233,False
15869,1,127,False
15871,7,13822297,False
15883,7,127,False
15893,1,178481,False
15899,7,8191,False
15911,7,127,False
15929,1,131071,False
15931,7,1433,False
15941,1,26849,False
15943,7,162259276829213363391578010288127,False
15947,7,3449,False
15953,1,127,False
15967,7,127,False
15977,1,8191,False
15979,7,233,False
15997,1,7529,False
16003,7,8191,False
16009,1,127,False
16013,1,1913,False
16031,7,131071,False
16037,1,127,False
16043,7,2305843009213693951,False
16051,7,127,False
16079,7,127,False
16081,1,8191,False
16099,7,131071,False
16109,1,43441,False
16117,1,48544121,False
16121,1,127,False
16123,7,178481,False
16129,1,170141183460469231731687303715884105727,False
16133,1,8191,False
16147,7,22000409,False
16151,7,2147483647,False
16153,1,233,False
16157,1,18121,False
16163,7,127,False
16169,1,178481,False
16177,1,127,False
16201,1,131071,False
16207,7,524287,False
16211,7,233,False
16213,1,2147483647,False
16219,7,127,False
16237,1,8191,False
16259,7,1504073,False
16261,1,127,False
16271,7,6361,False
16277,1,6353,False
16279,7,1466449,False
16283,7,6857,False
16289,1,127,False
16303,7,127,False
16307,7,178481,False
16309,1,4513,False
16321,1,524287,False
16327,7,233,False
16331,7,127,False
16337,1,131071,False
16343,7,1121297,False
16367,7,8191,False
16373,1,127,False
16387,7,127,False
16393,1,8191,False
16397,1,524287,False
16399,7,178481,False
16403,7,4513,False
16409,1,13822297,False
16429,1,127,False
16439,7,23209,False
16457,1,127,False
16459,7,18121,False
16463,7,704161,False
16471,7,127,False
16483,7,6361,False
16499,7,127,False
16501,1,233,False
16507,7,131071,False
16513,1,127,False
16523,7,8191,False
16531,7,2305843009213693951,False
16537,1,178481,False
16541,1,127,False
16543,7,622577,False
16549,1,8191,False
16559,7,233,False
16571,7,2298041,False
16579,7,80929,False
16583,7,127,False
16589,1,6361,False
16591,7,4513,False
16597,1,127,False
16601,1,8191,False
16609,1,131071,False
16627,7,8191,False
16637,1,170141183460469231731687303715884105727,False
16639,7,127,False
16663,7,35081,False
16667,7,127,False
16669,1,15193,False
16679,7,8191,False
16681,1,127,False
16711,7,131071,False
16717,1,1504073,False
16721,1,178481,False
16723,7,127,False
16733,1,233,False
16739,7,524287,False
16751,7,127,False
16757,1,8191,False
16771,7,2147483647,False
16777,1,63577,False
16781,1,730753,False
16783,7,8191,False
16789,1,704161,False
16793,1,127,False
16799,7,162259276829213363391578010288127,False
16801,1,6361,False
16807,7,127,False
16813,1,131071,False
16817,1,54217,False
16837,1,65993,False
16847,7,131071,False
16849,1,127,False
16853,1,524287,False
16859,7,178481,False
16861,1,8191,False
16873,1,4513,False
16877,1,127,False
16891,7,127,False
16897,1,1121297,False
16913,1,8191,False
16919,7,127,False
16933,1,127,False
16939,7,8191,False
16949,1,131071,False
16957,1,2147483647,False
16961,1,127,False
16967,7,4513,False
16969,1,1913,False
16991,7,8191,False
16997,1,178481,False
16999,7,618970019642690137449562111,False
17003,7,127,False
17009,1,622577,False
17023,7,233,False
17051,7,131071,False
17059,7,127,False
17063,7,18121,False
17069,1,8191,False
17071,7,6353,False
17081,1,233,False
17087,7,127,False
17089,1,178481,False
17101,1,127,False
17111,7,22000409,False
17119,7,6361,False
17129,1,127,False
17131,7,11113,False
17141,1,80929,False
17143,7,127,False
17147,7,8191,False
17153,1,131071,False
17173,1,8191,False
17177,1,618970019642690137449562111,False
17197,1,233,False
17213,1,127,False
17221,1,131071,False
17227,7,127,False
17233,1,524287,False
17249,1,4513,False
17251,7,8191,False
17263,7,2305843009213693951,False
17267,7,2147483647,False
17269,1,127,False
17273,1,178481,False
17297,1,127,False
17309,1,524287,False
17311,7,127,False
17323,7,131071,False
17329,1,8191,False
17339,7,127,False
17353,1,127,False
17357,1,40841,False
17363,7,1433,False
17371,7,233,False
17381,1,127,False
17399,7,170141183460469231731687303715884105727,False
17407,7,8191,False
17411,7,178481,False
17423,7,127,False
17429,1,233,False
17437,1,127,False
17441,1,704161,False
17447,7,1913,False
17453,1,2147483647,False
17459,7,8191,False
17461,1,524287,False
17473,1,730753,False
17503,7,6089,False
17507,7,127,False
17513,1,15193,False
17521,1,127,False
17527,7,131071,False
17531,7,4513,False
17533,1,618970019642690137449562111,False
17537,1,8191,False
17543,7,6361,False
17549,1,127,False
17557,1,43441,False
17561,1,131071,False
17563,7,127,False
17591,7,127,False
17593,1,2298041,False
17603,7,233,False
17617,1,1466449,False
17629,1,131071,False
17639,7,15854617,False
17641,1,8191,False
17647,7,127,False
17651,7,524287,False
17653,1,170141183460469231731687303715884105727,False
17663,7,131071,False
17671,7,3449,False
17687,7,178481,False
17689,1,127,False
17693,1,8191,False
17701,1,27409,False
17711,7,618970019642690137449562111,False
17717,1,127,False
17719,7,233,False
17731,7,127,False
17741,1,65993,False
17759,7,127,False
17767,7,704161,False
17771,7,8191,False
17773,1,127,False
17777,1,233,False
17779,7,178481,False
17797,1,8191,False
17801,1,127,False
17803,7,524287,False
17813,1,4513,False
17819,7,730753,False
17821,1,54217,False
17833,1,33569,False
17843,7,127,False
17849,1,8191,False
17857,1,127,False
17861,1,6361,False
17867,7,131071,False
17869,1,162259276829213363391578010288127,False
17873,1,2305843009213693951,False
17879,7,7529,False
17887,7,2147483647,False
17893,1,233,False
17899,7,127,False
17917,1,178481,False
17927,7,127,False
17951,7,233,False
17953,1,8191,False
17969,1,127,False
17983,7,127,False
17993,1,524287,False
18001,1,4513,False
18011,7,127,False
18023,7,13822297,False
18031,7,8191,False
18037,1,131071,False
18053,1,127,False
18067,7,127,False
18071,7,131071,False
18079,7,1433,False
18083,7,8191,False
18091,7,1504073,False
18101,1,178481,False
18107,7,343081,False
18109,1,127,False
18137,1,127,False
18151,7,127,False
18173,1,131071,False
18179,7,127,False
18187,7,8191,False
18193,1,127,False
18197,1,554129,False
18221,1,127,False
18239,7,8191,False
18241,1,233,False
18247,7,48544121,False
18259,7,524287,False
18263,7,127,False
18277,1,127,False
18281,1,43441,False
18283,7,4513,False
18299,7,233,False
18317,1,8191,False
18319,7,127,False
18323,7,54217,False
18331,7,178481,False
18343,7,8191,False
18347,7,127,False
18361,1,127,False
18373,1,23209,False
18377,1,4513,False
18383,7,104369,False
18389,1,127,False
18391,7,6361,False
18407,7,622577,False
18419,7,65993,False
18421,1,8191,False
18431,7,127,False
18437,1,1433,False
18449,1,524287,False
18467,7,10960009,False
18473,1,127,False
18479,7,131071,False
18487,7,127,False
18497,1,6361,False
18499,7,8191,False
18509,1,1466449,False
18511,7,730753,False
18529,1,127,False
18533,1,3449,False
18547,7,87281,False
18551,7,8191,False
18559,7,1121297,False
18563,7,524287,False
18569,1,2147483647,False
18571,7,127,False
18577,1,8191,False
18581,1,43721,False
18589,1,233,False
18599,7,127,False
18607,7,178481,False
18613,1,127,False
18629,1,8191,False
18631,7,2147483647,False
18641,1,127,False
18643,7,43441,False
18647,7,233,False
18649,1,131071,False
18653,1,178481,False
18659,7,4513,False
18673,1,48544121,False
18677,1,524287,False
18683,7,127,False
18697,1,127,False
18707,7,8191,False
18709,1,6361,False
18727,7,2305843009213693951,False
18739,7,127,False
18751,7,131071,False
18761,1,2298041,False
18763,7,233,False
18767,7,127,False
18779,7,15193,False
18781,1,127,False
18791,7,178481,False
18809,1,127,False
18811,7,8191,False
18817,1,2147483647,False
18823,7,127,False
18827,7,80929,False
18829,1,524287,False
18833,1,12619129,False
18847,7,4513,False
18851,7,127,False
18853,1,131071,False
18857,1,730753,False
18863,7,8191,False
18871,7,65993,False
18881,1,1913,False
18883,7,178481,False
18889,1,8191,False
18893,1,127,False
18907,7,127,False
18923,7,170141183460469231731687303715884105727,False
18929,1,178481,False
18937,1,233,False
18941,1,4513,False
18943,7,524287,False
18949,1,127,False
18967,7,8191,False
18971,7,2305843009213693951,False
18977,1,127,False
18983,7,11113,False
18989,1,53617,False
18991,7,127,False
19003,7,2147483647,False
19007,7,1504073,False
19021,1,66161,False
19027,7,6361,False
19033,1,127,False
19039,7,22000409,False
19057,1,131071,False
19061,1,127,False
19067,7,72953,False
19091,7,131071,False
19093,1,10960009,False
19097,1,8191,False
19099,7,13822297,False
19103,7,127,False
19111,7,233,False
19117,1,127,False
19123,7,8191,False
19127,7,59233,False
19133,1,6361,False
19153,1,1433,False
19159,7,127,False
19169,1,233,False
19171,7,524287,False
19177,1,18121,False
19187,7,127,False
19189,1,2147483647,False
19193,1,131071,False
19199,7,2298041,False
19201,1,127,False
19223,7,4513,False
19229,1,127,False
19241,1,48544121,False
19243,7,127,False
19247,7,524287,False
19253,1,8191,False
19271,7,127,False
19277,1,6864797660130609714981900799081393217269435300143305409394463459185543183397656052122559640661454554977296311391480858037121987999716643812574028291115057151,False
19279,7,8191,False
19297,1,26849,False
19313,1,127,False
19331,7,8191,False
19337,1,2305843009213693951,False
19339,7,622577,False
19343,7,233,False
19357,1,8191,False
19361,1,524287,False
19363,7,131071,False
19367,7,43441,False
19369,1,127,False
19397,1,127,False
19399,7,40841,False
19409,1,8191,False
19411,7,127,False
19439,7,127,False
19451,7,6361,False
19453,1,127,False
19487,7,8191,False
19499,7,131071,False
19511,7,1433,False
19513,1,8191,False
19517,1,233,False
19523,7,127,False
19537,1,127,False
19549,1,65993,False
19561,1,2147483647,False
19567,7,131071,False
19573,1,178481,False
19579,7,127,False
19589,1,524287,False
19601,1,131071,False
19607,7,127,False
19619,7,178481,False
19621,1,127,False
19627,7,524287,False
19633,1,233,False
19637,1,2298041,False
19643,7,8191,False
19649,1,127,False
19663,7,127,False
19667,7,1121297,False
19669,1,8191,False
19691,7,127,False
19693,1,4513,False
19703,7,131071,False
19711,7,6857,False
19721,1,8191,False
19729,1,43441,False
19733,1,127,False
19741,1,524287,False
19747,7,127,False
19757,1,178481,False
19769,1,6361,False
19771,7,131071,False
19781,1,18121,False
19783,7,2298041,False
19787,7,4513,False
19799,7,8191,False
19807,7,233,False
19817,1,127,False
19829,1,54217,False
19831,7,127,False
19837,1,1913,False
19847,7,1466449,False
19849,1,178481,False
19859,7,127,False
19871,7,35897,False
19873,1,127,False
19883,7,2806537,False
19901,1,127,False
19903,7,8191,False
19907,7,131071,False
19909,1,11113,False
19931,7,33569,False
19933,1,3189281,False
19939,7,170141183460469231731687303715884105727,False
19951,7,80929,False
19957,1,127,False
19969,1,524287,False
19981,1,233,False
19999,7,127,False
